{
    "model_type": "3_HL_NN_v1",
    "test_accuracy": 97.31,
    "train_accuracy": 99.56333333333333,
    "final_train_loss": 0.024630995460490038,
    "epochs": 50,
    "batch_size": 50,
    "learning_rate": 0.0001,
    "optimizer": "Adam"
}